{
  "Ansi 6 Color" : {
    "Red Component" : 0.39322873950004578,
    "Color Space" : "sRGB",
    "Blue Component" : 0.85492348670959473,
    "Alpha Component" : 1,
    "Green Component" : 0.98838895559310913
  },
  "Tags" : [

  ],
  "Ansi 12 Color" : {
    "Red Component" : 0.5019608736038208,
    "Color Space" : "sRGB",
    "Blue Component" : 0.99999994039535522,
    "Alpha Component" : 1,
    "Green Component" : 0.84705877304077148
  },
  "Ansi 4 Color" : {
    "Red Component" : 0.25098046660423279,
    "Color Space" : "sRGB",
    "Blue Component" : 0.99999994039535522,
    "Alpha Component" : 1,
    "Green Component" : 0.76862746477127075
  },
  "Normal Font" : "Monaco 12",
  "Bold Color" : {
    "Red Component" : 0.93324452638626099,
    "Color Space" : "sRGB",
    "Blue Component" : 0.93321198225021362,
    "Alpha Component" : 1,
    "Green Component" : 0.93339759111404419
  },
  "Ansi 5 Color" : {
    "Red Component" : 1,
    "Color Space" : "sRGB",
    "Blue Component" : 0.50588232278823853,
    "Alpha Component" : 1,
    "Green Component" : 0.25098031759262085
  },
  "Use Non-ASCII Font" : false,
  "Ansi 2 Color" : {
    "Red Component" : 0.41176474094390869,
    "Color Space" : "sRGB",
    "Blue Component" : 0.68235284090042114,
    "Alpha Component" : 1,
    "Green Component" : 0.94117647409439087
  },
  "Rows" : 25,
  "Default Bookmark" : "No",
  "Cursor Guide Color" : {
    "Red Component" : 0.70213186740875244,
    "Color Space" : "sRGB",
    "Blue Component" : 1,
    "Alpha Component" : 0.25,
    "Green Component" : 0.9268307089805603
  },
  "Non-ASCII Anti Aliased" : true,
  "Use Bright Bold" : true,
  "Ansi 10 Color" : {
    "Red Component" : 0.7254902720451355,
    "Color Space" : "sRGB",
    "Blue Component" : 0.79215681552886963,
    "Alpha Component" : 1,
    "Green Component" : 0.96470588445663452
  },
  "Ambiguous Double Width" : false,
  "Jobs to Ignore" : [
    "rlogin",
    "ssh",
    "slogin",
    "telnet"
  ],
  "Ansi 15 Color" : {
    "Red Component" : 0.9999966025352478,
    "Color Space" : "sRGB",
    "Blue Component" : 0.99999994039535522,
    "Alpha Component" : 1,
    "Green Component" : 0.99999994039535522
  },
  "Foreground Color" : {
    "Red Component" : 0.92549020051956177,
    "Color Space" : "sRGB",
    "Blue Component" : 0.94509798288345337,
    "Alpha Component" : 1,
    "Green Component" : 0.93725484609603882
  },
  "Working Directory" : "\/Users\/lukasbenka",
  "Blinking Cursor" : false,
  "Disable Window Resizing" : true,
  "Sync Title" : false,
  "Prompt Before Closing 2" : false,
  "BM Growl" : true,
  "Command" : "",
  "Description" : "Default",
  "Mouse Reporting" : true,
  "Screen" : -1,
  "Selection Color" : {
    "Red Component" : 0.37647062540054321,
    "Color Space" : "sRGB",
    "Blue Component" : 0.54509806632995605,
    "Alpha Component" : 1,
    "Green Component" : 0.49019604921340942
  },
  "Columns" : 80,
  "Idle Code" : 0,
  "Ansi 13 Color" : {
    "Red Component" : 1,
    "Color Space" : "sRGB",
    "Blue Component" : 0.67058825492858887,
    "Alpha Component" : 1,
    "Green Component" : 0.50196081399917603
  },
  "Custom Command" : "No",
  "ASCII Anti Aliased" : true,
  "Non Ascii Font" : "Monaco 12",
  "Vertical Spacing" : 1,
  "Use Bold Font" : true,
  "Option Key Sends" : 0,
  "Selected Text Color" : {
    "Red Component" : 0.92549020051956177,
    "Color Space" : "sRGB",
    "Blue Component" : 0.94509798288345337,
    "Alpha Component" : 1,
    "Green Component" : 0.93725484609603882
  },
  "Background Color" : {
    "Red Component" : 0.14901962876319885,
    "Color Space" : "sRGB",
    "Blue Component" : 0.21960780024528503,
    "Alpha Component" : 1,
    "Green Component" : 0.19607838988304138
  },
  "Character Encoding" : 4,
  "Ansi 11 Color" : {
    "Red Component" : 1,
    "Color Space" : "sRGB",
    "Blue Component" : 0.49803918600082397,
    "Alpha Component" : 1,
    "Green Component" : 0.89803916215896606
  },
  "Use Italic Font" : true,
  "Unlimited Scrollback" : false,
  "Keyboard Map" : {
    "0x33-0x200000-0x0" : {
      "Version" : 0,
      "Action" : 12,
      "Text" : "3",
      "Label" : ""
    },
    "0x2f-0x200000-0x0" : {
      "Version" : 0,
      "Action" : 12,
      "Text" : "\/",
      "Label" : ""
    },
    "0x3-0x200000-0x0" : {
      "Version" : 0,
      "Action" : 11,
      "Text" : "0xd",
      "Label" : ""
    },
    "0x38-0x200000-0x0" : {
      "Version" : 0,
      "Action" : 12,
      "Text" : "8",
      "Label" : ""
    },
    "0xf728-0x80000-0x0" : {
      "Version" : 0,
      "Action" : 10,
      "Text" : "d",
      "Label" : ""
    },
    "0xf70e-0x20000-0x0" : {
      "Version" : 0,
      "Action" : 10,
      "Text" : "[23;2~",
      "Label" : ""
    },
    "0xf701-0x220000-0x0" : {
      "Version" : 0,
      "Action" : 10,
      "Text" : "[1;2B",
      "Label" : ""
    },
    "0x32-0x40000-0x0" : {
      "Version" : 0,
      "Action" : 11,
      "Text" : "0x00",
      "Label" : ""
    },
    "0xf700-0x240000-0x0" : {
      "Version" : 0,
      "Action" : 10,
      "Text" : "[1;5A",
      "Label" : ""
    },
    "0xf703-0x220000-0x0" : {
      "Version" : 0,
      "Action" : 10,
      "Text" : "[1;2C",
      "Label" : ""
    },
    "0xf703-0x300000-0x7c" : {
      "Version" : 1,
      "Action" : 10,
      "Text" : "OF",
      "Label" : ""
    },
    "0xf70b-0x20000-0x0" : {
      "Version" : 0,
      "Action" : 10,
      "Text" : "[19;2~",
      "Label" : ""
    },
    "0xf702-0x240000-0x0" : {
      "Version" : 0,
      "Action" : 10,
      "Text" : "[1;5D",
      "Label" : ""
    },
    "0xf701-0x260000-0x0" : {
      "Version" : 0,
      "Action" : 10,
      "Text" : "[1;6B",
      "Label" : ""
    },
    "0xf72b-0x40000-0x0" : {
      "Version" : 0,
      "Action" : 10,
      "Text" : "[1;5F",
      "Label" : ""
    },
    "0xf703-0x260000-0x0" : {
      "Version" : 0,
      "Action" : 10,
      "Text" : "[1;6C",
      "Label" : ""
    },
    "0x31-0x200000-0x0" : {
      "Version" : 0,
      "Action" : 12,
      "Text" : "1",
      "Label" : ""
    },
    "0xf702-0x280000-0x0" : {
      "Version" : 0,
      "Action" : 10,
      "Text" : "b",
      "Label" : ""
    },
    "0x2d-0x200000-0x0" : {
      "Version" : 0,
      "Action" : 12,
      "Text" : "-",
      "Label" : ""
    },
    "0xf709-0x20000-0x0" : {
      "Version" : 0,
      "Action" : 10,
      "Text" : "[17;2~",
      "Label" : ""
    },
    "0x36-0x200000-0x0" : {
      "Version" : 0,
      "Action" : 12,
      "Text" : "6",
      "Label" : ""
    },
    "0xf706-0x20000-0x0" : {
      "Version" : 0,
      "Action" : 10,
      "Text" : "[1;2R",
      "Label" : ""
    },
    "0x36-0x40000-0x0" : {
      "Version" : 0,
      "Action" : 11,
      "Text" : "0x1e",
      "Label" : ""
    },
    "0xf729-0x40000-0x0" : {
      "Version" : 0,
      "Action" : 10,
      "Text" : "[1;5H",
      "Label" : ""
    },
    "0x2d-0x40000-0x0" : {
      "Version" : 0,
      "Action" : 11,
      "Text" : "0x1f",
      "Label" : ""
    },
    "0x7f-0x80000-0x0" : {
      "Version" : 0,
      "Action" : 11,
      "Text" : "0x1b 0x7f",
      "Label" : ""
    },
    "0x33-0x40000-0x0" : {
      "Version" : 0,
      "Action" : 11,
      "Text" : "0x1b",
      "Label" : ""
    },
    "0x2b-0x200000-0x0" : {
      "Version" : 0,
      "Action" : 12,
      "Text" : "+",
      "Label" : ""
    },
    "0x34-0x200000-0x0" : {
      "Version" : 0,
      "Action" : 12,
      "Text" : "4",
      "Label" : ""
    },
    "0xf70d-0x20000-0x0" : {
      "Version" : 0,
      "Action" : 10,
      "Text" : "[21;2~",
      "Label" : ""
    },
    "0xf72b-0x20000-0x0" : {
      "Version" : 0,
      "Action" : 10,
      "Text" : "[1;2F",
      "Label" : ""
    },
    "0x39-0x200000-0x0" : {
      "Version" : 0,
      "Action" : 12,
      "Text" : "9",
      "Label" : ""
    },
    "0xf70a-0x20000-0x0" : {
      "Version" : 0,
      "Action" : 10,
      "Text" : "[18;2~",
      "Label" : ""
    },